year,mileage_km,power_kw,objem_motoru,price_czk
2017,128617.0,169.0,2.0,12540.0
2018,173110.0,110.0,1.4,12830.0
2014,82101.0,88.0,1.4,110000.0
2014,82101.0,88.0,1.4,110000.0
2021,49169.0,150.0,1.6,12830.0
2014,209892.0,85.0,1.7,87000.0
2021,168636.0,110.0,2.0,12830.0
2023,45050.0,96.0,1.2,12540.0
2021,46480.0,96.0,1.5,260000.0
2021,46480.0,96.0,1.5,260000.0
2013,223855.0,77.0,1.6,60000.0
2013,223855.0,77.0,1.6,60000.0
2009,188992.0,125.0,2.0,100000.0
2009,188992.0,125.0,2.0,100000.0
2016,95148.0,96.0,1.2,104000.0
2019,60386.0,132.0,2.0,110000.0
2019,60386.0,132.0,2.0,110000.0
2011,156348.0,118.0,2.0,500000.0
2011,156348.0,118.0,2.0,500000.0
2009,247215.0,125.0,2.2,250000.0
2009,247215.0,125.0,2.2,250000.0
2014,98469.0,85.0,1.2,100000.0
2014,98469.0,85.0,1.2,100000.0
2014,152498.0,110.0,2.2,400000.0
2014,152498.0,110.0,2.2,400000.0
2016,47069.0,85.0,1.2,550000.0
2016,47069.0,85.0,1.2,550000.0
2018,106612.0,154.0,2.0,400000.0
2018,106612.0,154.0,2.0,400000.0
2013,197189.0,180.0,3.0,860000.0
2013,197189.0,180.0,3.0,860000.0
2012,264621.0,105.0,2.0,700000.0
2012,264621.0,105.0,2.0,700000.0
2012,151580.0,176.0,3.0,910000.0
2012,151580.0,176.0,3.0,910000.0
2007,198024.0,85.0,1.9,200000.0
2007,198024.0,85.0,1.9,200000.0
2017,158153.0,88.0,1.5,700000.0
2017,158153.0,88.0,1.5,700000.0
2015,167721.0,103.0,2.0,600000.0
2015,167721.0,103.0,2.0,600000.0
2013,123005.0,77.0,1.6,300000.0
2013,123005.0,77.0,1.6,300000.0
2019,129183.0,225.0,3.0,1700000.0
2019,129183.0,225.0,3.0,1700000.0
2014,131640.0,100.0,1.6,550000.0
2014,131640.0,100.0,1.6,550000.0
2010,156676.0,77.0,1.2,110000.0
2010,156676.0,77.0,1.2,110000.0
2020,38360.0,66.0,1.0,710000.0
2020,38360.0,66.0,1.0,710000.0
2016,165258.0,110.0,1.4,370000.0
2016,165258.0,110.0,1.4,370000.0
2007,148245.0,110.0,2.0,550000.0
2007,148245.0,110.0,2.0,550000.0
2013,71869.0,103.0,1.4,550000.0
2013,71869.0,103.0,1.4,550000.0
2013,134363.0,135.0,2.0,700000.0
2013,134363.0,135.0,2.0,700000.0
2022,109195.0,96.0,1.5,850000.0
2022,109195.0,96.0,1.5,850000.0
2011,149625.0,77.0,1.6,300000.0
2011,149625.0,77.0,1.6,300000.0
2020,86134.0,100.0,1.6,900000.0
2020,86134.0,100.0,1.6,900000.0
2013,121557.0,77.0,1.6,360000.0
2013,121557.0,77.0,1.6,360000.0
2018,154136.0,103.0,1.0,810000.0
2018,154136.0,103.0,1.0,810000.0
2013,121676.0,105.0,2.0,700000.0
2013,121676.0,105.0,2.0,700000.0
2013,132834.0,135.0,2.0,850000.0
2013,132834.0,135.0,2.0,850000.0
2015,121684.0,85.0,1.2,650000.0
2015,121684.0,85.0,1.2,650000.0
2014,150257.0,88.0,1.6,800000.0
2014,150257.0,88.0,1.6,800000.0
2024,9832.0,142.0,2.0,3700000.0
2024,9832.0,142.0,2.0,3700000.0
2013,84353.0,77.0,1.6,100000.0
2013,84353.0,77.0,1.6,100000.0
2003,74255.0,170.0,3.0,400000.0
2003,74255.0,170.0,3.0,400000.0
2012,196612.0,100.0,1.7,490000.0
2012,196612.0,100.0,1.7,490000.0
2017,66359.0,55.0,1.4,800000.0
2017,66359.0,55.0,1.4,800000.0
2010,39462.0,323.0,4.7,400000.0
2010,39462.0,323.0,4.7,400000.0
2016,85476.0,85.0,1.7,870000.0
2016,85476.0,85.0,1.7,870000.0
2016,247792.0,81.0,1.2,430000.0
2016,247792.0,81.0,1.2,430000.0
2016,167714.0,140.0,2.0,410000.0
2016,167714.0,140.0,2.0,410000.0
2013,108558.0,103.0,1.4,610000.0
2013,108558.0,103.0,1.4,610000.0
2015,37627.0,280.0,3.0,1110000.0
2015,37627.0,280.0,3.0,1110000.0
2009,253716.0,77.0,1.6,360000.0
2009,253716.0,77.0,1.6,360000.0
2012,153992.0,110.0,2.0,220000.0
2012,153992.0,110.0,2.0,220000.0
2011,211388.0,70.0,1.6,340000.0
2011,211388.0,70.0,1.6,340000.0
2021,111162.0,118.0,1.6,950000.0
2021,111162.0,118.0,1.6,950000.0
2014,89033.0,63.0,1.2,650000.0
2014,89033.0,63.0,1.2,650000.0
2012,134227.0,103.0,2.0,500000.0
2012,134227.0,103.0,2.0,500000.0
2022,50740.0,88.0,1.0,720000.0
2022,50740.0,88.0,1.0,720000.0
2009,39228.0,92.0,1.4,770000.0
2009,39228.0,92.0,1.4,770000.0
2015,136748.0,88.0,1.6,550000.0
2015,136748.0,88.0,1.6,550000.0
2012,106757.0,85.0,1.7,510000.0
2012,106757.0,85.0,1.7,510000.0
2021,61288.0,96.0,1.2,650000.0
2021,61288.0,96.0,1.2,650000.0
2016,101826.0,110.0,1.4,810000.0
2016,101826.0,110.0,1.4,810000.0
2025,8241.0,110.0,2.0,2189000.0
2025,8241.0,110.0,2.0,2189000.0
2004,158502.0,83.0,1.6,250000.0
2004,158502.0,83.0,1.6,250000.0
2016,198430.0,110.0,2.0,500000.0
2016,198430.0,110.0,2.0,500000.0
2020,48647.0,96.0,1.2,650000.0
2020,48647.0,96.0,1.2,650000.0
2017,150882.0,110.0,2.0,510000.0
2017,150882.0,110.0,2.0,510000.0
2012,114663.0,118.0,2.0,460000.0
2012,114663.0,118.0,2.0,460000.0
2013,100633.0,44.0,1.2,60000.0
2013,100633.0,44.0,1.2,60000.0
2025,9578.0,110.0,2.0,2129000.0
2025,9578.0,110.0,2.0,2129000.0
2014,151935.0,84.0,1.6,250000.0
2014,151935.0,84.0,1.6,250000.0
2008,145152.0,85.0,1.6,250000.0
2008,145152.0,85.0,1.6,250000.0
2020,82206.0,86.0,1.0,500000.0
2020,82206.0,86.0,1.0,500000.0
2022,98433.0,110.0,1.5,560000.0
2022,98433.0,110.0,1.5,560000.0
2021,56860.0,96.0,1.2,610000.0
2021,56860.0,96.0,1.2,610000.0
2021,38939.0,124.0,2.5,860000.0
2021,38939.0,124.0,2.5,860000.0
2014,224315.0,135.0,2.0,400000.0
2014,224315.0,135.0,2.0,400000.0
2014,195326.0,103.0,2.0,150000.0
2014,195326.0,103.0,2.0,150000.0
2015,178237.0,158.0,2.4,620000.0
2015,178237.0,158.0,2.4,620000.0
2016,97055.0,88.0,1.4,350000.0
2016,97055.0,88.0,1.4,350000.0
2022,156653.0,110.0,2.0,650000.0
2022,156653.0,110.0,2.0,650000.0
2015,187822.0,110.0,2.0,570000.0
2015,187822.0,110.0,2.0,570000.0
2014,184698.0,230.0,3.0,650000.0
2014,184698.0,230.0,3.0,650000.0
2010,115396.0,115.0,2.2,250000.0
2010,115396.0,115.0,2.2,250000.0
2025,7925.0,142.0,2.0,3362000.0
2025,7925.0,142.0,2.0,3362000.0
2013,197698.0,158.0,2.4,220000.0
2013,197698.0,158.0,2.4,220000.0
2014,158286.0,96.0,1.7,220000.0
2014,158286.0,96.0,1.7,220000.0
2018,138573.0,133.0,2.0,450000.0
2018,138573.0,133.0,2.0,450000.0
2018,130723.0,74.0,1.0,500000.0
2018,130723.0,74.0,1.0,500000.0
2020,62267.0,110.0,1.5,750000.0
2020,62267.0,110.0,1.5,750000.0
2025,8786.0,110.0,2.0,2722000.0
2025,8786.0,110.0,2.0,2722000.0
2011,105793.0,88.0,1.6,100000.0
2011,105793.0,88.0,1.6,100000.0
2010,176787.0,110.0,2.2,400000.0
2010,176787.0,110.0,2.2,400000.0
2016,158578.0,85.0,1.6,100000.0
2016,158578.0,85.0,1.6,100000.0
2012,148282.0,77.0,1.2,150000.0
2012,148282.0,77.0,1.2,150000.0
2018,119689.0,110.0,2.0,100000.0
2018,119689.0,110.0,2.0,100000.0
2012,73867.0,92.0,1.0,350000.0
2012,73867.0,92.0,1.0,350000.0
2010,136400.0,88.0,1.4,350000.0
2010,136400.0,88.0,1.4,350000.0
2014,165801.0,85.0,1.6,410000.0
2014,165801.0,85.0,1.6,410000.0
2019,185954.0,88.0,1.6,500000.0
2019,185954.0,88.0,1.6,500000.0
2020,174735.0,85.0,2.0,510000.0
2020,174735.0,85.0,2.0,510000.0
2011,157129.0,96.0,1.6,350000.0
2011,157129.0,96.0,1.6,350000.0
2015,111811.0,110.0,2.0,410000.0
2015,111811.0,110.0,2.0,410000.0
2008,201714.0,66.0,1.6,200000.0
2008,201714.0,66.0,1.6,200000.0
2008,120800.0,60.0,1.2,370000.0
2008,120800.0,60.0,1.2,370000.0
2024,8950.0,195.0,2.0,4800000.0
2024,8950.0,195.0,2.0,4800000.0
2013,160628.0,92.0,1.4,260000.0
2013,160628.0,92.0,1.4,260000.0
2019,97156.0,75.0,1.2,400000.0
2019,97156.0,75.0,1.2,400000.0
2015,120636.0,88.0,1.6,510000.0
2015,120636.0,88.0,1.6,510000.0
2008,129960.0,74.0,1.8,260000.0
2008,129960.0,74.0,1.8,260000.0
2016,158963.0,135.0,2.0,460000.0
2016,158963.0,135.0,2.0,460000.0
2006,234924.0,103.0,2.0,220000.0
2006,234924.0,103.0,2.0,220000.0
2018,140520.0,191.0,2.0,710000.0
2018,140520.0,191.0,2.0,710000.0
2010,175573.0,81.0,1.5,190000.0
2010,175573.0,81.0,1.5,190000.0
2013,126640.0,103.0,1.4,260000.0
2013,126640.0,103.0,1.4,260000.0
2018,118463.0,132.0,2.0,450000.0
2018,118463.0,132.0,2.0,450000.0
2012,177992.0,103.0,2.0,70000.0
2012,177992.0,103.0,2.0,70000.0
2017,247499.0,104.0,1.7,350000.0
2017,247499.0,104.0,1.7,350000.0
2009,262317.0,77.0,1.6,240000.0
2009,262317.0,77.0,1.6,240000.0
2013,163323.0,147.0,1.6,430000.0
2013,163323.0,147.0,1.6,430000.0
2015,119988.0,132.0,2.0,850000.0
2015,119988.0,132.0,2.0,850000.0
2020,43465.0,74.0,1.0,600000.0
2020,43465.0,74.0,1.0,600000.0
2014,176772.0,55.0,1.2,200000.0
2014,176772.0,55.0,1.2,200000.0
2017,88708.0,60.0,1.2,170000.0
2017,88708.0,60.0,1.2,170000.0
2013,113544.0,90.0,1.4,300000.0
2013,113544.0,90.0,1.4,300000.0
2015,91573.0,96.0,1.2,500000.0
2015,91573.0,96.0,1.2,500000.0
2016,214045.0,110.0,2.0,50000.0
2016,214045.0,110.0,2.0,50000.0
2016,97080.0,66.0,1.2,350000.0
2016,97080.0,66.0,1.2,350000.0
2010,197673.0,77.0,1.6,410000.0
2010,197673.0,77.0,1.6,410000.0
2015,94416.0,85.0,1.2,210000.0
2015,94416.0,85.0,1.2,210000.0
2017,283349.0,110.0,2.0,310000.0
2017,283349.0,110.0,2.0,310000.0
2019,89314.0,110.0,1.5,440000.0
2019,89314.0,110.0,1.5,440000.0
2008,175221.0,82.0,1.6,140000.0
2008,175221.0,82.0,1.6,140000.0
2019,90458.0,140.0,2.0,200000.0
2019,90458.0,140.0,2.0,200000.0
2008,126110.0,73.0,1.6,350000.0
2008,126110.0,73.0,1.6,350000.0
2014,131158.0,88.0,1.2,350000.0
2014,131158.0,88.0,1.2,350000.0
2010,187727.0,149.0,2.0,330000.0
2010,187727.0,149.0,2.0,330000.0
2007,248176.0,103.0,2.0,170000.0
2007,248176.0,103.0,2.0,170000.0
2010,103406.0,77.0,1.2,200000.0
2010,103406.0,77.0,1.2,200000.0
2014,71435.0,77.0,1.2,400000.0
2014,71435.0,77.0,1.2,400000.0
2021,95233.0,85.0,2.0,510000.0
2021,95233.0,85.0,2.0,510000.0
2015,141057.0,66.0,0.9,400000.0
2015,141057.0,66.0,0.9,400000.0
2011,158759.0,90.0,1.4,440000.0
2011,158759.0,90.0,1.4,440000.0
2017,88982.0,130.0,1.6,360000.0
2017,88982.0,130.0,1.6,360000.0
2012,201493.0,130.0,2.0,230000.0
2012,201493.0,130.0,2.0,230000.0
2012,149438.0,70.0,1.6,230000.0
2012,149438.0,70.0,1.6,230000.0
2016,96653.0,132.0,2.0,150000.0
2016,96653.0,132.0,2.0,150000.0
2025,6257.0,195.0,2.0,2462000.0
2025,6257.0,195.0,2.0,2462000.0
2015,149935.0,110.0,2.0,350000.0
2015,149935.0,110.0,2.0,350000.0
2009,127723.0,70.0,1.4,230000.0
2009,127723.0,70.0,1.4,230000.0
2017,206571.0,100.0,1.6,300000.0
2017,206571.0,100.0,1.6,300000.0
2005,199523.0,200.0,3.5,360000.0
2005,199523.0,200.0,3.5,360000.0
2024,19198.0,82.0,1.0,450000.0
2024,19198.0,82.0,1.0,450000.0
2009,280707.0,77.0,1.9,160000.0
2009,280707.0,77.0,1.9,160000.0
2021,72539.0,118.0,1.5,300000.0
2021,72539.0,118.0,1.5,300000.0
2018,184061.0,140.0,2.0,400000.0
2018,184061.0,140.0,2.0,400000.0
2014,89801.0,85.0,1.2,260000.0
2014,89801.0,85.0,1.2,260000.0
2011,263892.0,191.0,3.6,190000.0
2011,263892.0,191.0,3.6,190000.0
2010,150629.0,103.0,2.0,350000.0
2010,150629.0,103.0,2.0,350000.0
2023,42060.0,82.0,1.0,140000.0
2023,42060.0,82.0,1.0,140000.0
2016,32141.0,66.0,0.9,310000.0
2016,32141.0,66.0,0.9,310000.0
2012,164611.0,77.0,1.6,150000.0
2012,164611.0,77.0,1.6,150000.0
2008,135997.0,88.0,1.6,310000.0
2008,135997.0,88.0,1.6,310000.0
2011,211790.0,77.0,1.6,250000.0
2011,211790.0,77.0,1.6,250000.0
2013,130536.0,77.0,1.2,260000.0
2013,130536.0,77.0,1.2,260000.0
2013,135492.0,103.0,1.4,250000.0
2013,135492.0,103.0,1.4,250000.0
2014,141392.0,77.0,1.2,500000.0
2014,141392.0,77.0,1.2,500000.0
2016,134695.0,140.0,2.0,300000.0
2016,134695.0,140.0,2.0,300000.0
2019,195104.0,140.0,2.0,400000.0
2019,195104.0,140.0,2.0,400000.0
2007,90270.0,110.0,1.9,410000.0
2007,90270.0,110.0,1.9,410000.0
2021,32370.0,120.0,1.5,460000.0
2021,32370.0,120.0,1.5,460000.0
2007,131831.0,110.0,2.0,250000.0
2007,131831.0,110.0,2.0,250000.0
2018,132095.0,110.0,1.4,500000.0
2018,132095.0,110.0,1.4,500000.0
2012,172444.0,73.0,1.3,210000.0
2012,172444.0,73.0,1.3,210000.0
2017,106528.0,84.0,1.6,250000.0
2017,106528.0,84.0,1.6,250000.0
2006,253910.0,66.0,1.6,120000.0
2006,253910.0,66.0,1.6,120000.0
2017,63242.0,85.0,1.2,300000.0
2017,63242.0,85.0,1.2,300000.0
2025,9033.0,110.0,2.0,2369000.0
2025,9033.0,110.0,2.0,2369000.0
2018,134502.0,110.0,2.0,350000.0
2018,134502.0,110.0,2.0,350000.0
2017,164670.0,132.0,2.0,270000.0
2017,164670.0,132.0,2.0,270000.0
2015,150170.0,140.0,2.0,300000.0
2015,150170.0,140.0,2.0,300000.0
2019,109714.0,100.0,1.6,410000.0
2019,109714.0,100.0,1.6,410000.0
2013,74937.0,97.0,1.6,310000.0
2013,74937.0,97.0,1.6,310000.0
2017,196073.0,85.0,1.6,200000.0
2017,196073.0,85.0,1.6,200000.0
2012,61511.0,60.0,1.2,270000.0
2012,61511.0,60.0,1.2,270000.0
2007,140260.0,81.0,1.5,150000.0
2007,140260.0,81.0,1.5,150000.0
2018,166701.0,206.0,2.0,400000.0
2018,166701.0,206.0,2.0,400000.0
2012,93932.0,108.0,1.8,250000.0
2012,93932.0,108.0,1.8,250000.0
2014,272182.0,103.0,2.0,200000.0
2014,272182.0,103.0,2.0,200000.0
2015,176019.0,81.0,1.6,450000.0
2015,176019.0,81.0,1.6,450000.0
2015,180663.0,81.0,1.6,130000.0
2015,180663.0,81.0,1.6,130000.0
2017,107620.0,110.0,2.0,450000.0
2017,107620.0,110.0,2.0,450000.0
2013,107052.0,92.0,1.6,60000.0
2013,107052.0,92.0,1.6,60000.0
2014,135939.0,85.0,1.6,300000.0
2014,135939.0,85.0,1.6,300000.0
2017,183795.0,135.0,2.0,500000.0
2017,183795.0,135.0,2.0,500000.0
2017,108422.0,97.0,1.2,60000.0
2017,108422.0,97.0,1.2,60000.0
2015,140044.0,85.0,1.6,250000.0
2015,140044.0,85.0,1.6,250000.0
2015,150803.0,63.0,1.4,210000.0
2015,150803.0,63.0,1.4,210000.0
2018,67203.0,103.0,1.4,350000.0
2018,67203.0,103.0,1.4,350000.0
2011,148715.0,77.0,1.2,170000.0
2011,148715.0,77.0,1.2,170000.0
2010,176790.0,74.0,1.6,150000.0
2010,176790.0,74.0,1.6,150000.0
2023,39752.0,88.0,1.0,310000.0
2023,39752.0,88.0,1.0,310000.0
2019,75827.0,60.0,1.2,150000.0
2019,75827.0,60.0,1.2,150000.0
2018,113204.0,85.0,1.6,250000.0
2018,113204.0,85.0,1.6,250000.0
2009,222520.0,120.0,2.2,245000.0
2009,222520.0,120.0,2.2,245000.0
2017,69875.0,136.0,1.5,200000.0
2017,69875.0,136.0,1.5,200000.0
2018,123561.0,110.0,1.5,310000.0
2018,123561.0,110.0,1.5,310000.0
2014,172643.0,110.0,2.0,300000.0
2014,172643.0,110.0,2.0,300000.0
2017,123425.0,110.0,2.0,210000.0
2017,123425.0,110.0,2.0,210000.0
2013,231317.0,77.0,1.6,210000.0
2013,231317.0,77.0,1.6,210000.0
2023,43892.0,147.0,2.0,220000.0
2023,43892.0,147.0,2.0,220000.0
2010,159530.0,120.0,2.0,400000.0
2010,159530.0,120.0,2.0,400000.0
2023,191520.0,84.0,1.5,410000.0
2023,191520.0,84.0,1.5,410000.0
2013,195625.0,135.0,2.0,400000.0
2013,195625.0,135.0,2.0,400000.0
2017,146511.0,88.0,1.6,200000.0
2017,146511.0,88.0,1.6,200000.0
2018,139126.0,191.0,2.0,400000.0
2018,139126.0,191.0,2.0,400000.0
2008,75640.0,81.0,1.2,400000.0
2008,75640.0,81.0,1.2,400000.0
2013,175416.0,120.0,2.0,850000.0
2013,175416.0,120.0,2.0,850000.0
2018,167350.0,154.0,2.0,1010000.0
2018,167350.0,154.0,2.0,1010000.0
2014,125440.0,77.0,1.2,310000.0
2014,125440.0,77.0,1.2,310000.0
2019,67126.0,130.0,1.6,230000.0
2019,67126.0,130.0,1.6,230000.0
2012,116274.0,82.0,1.6,260000.0
2012,116274.0,82.0,1.6,260000.0
2022,65163.0,74.0,1.0,250000.0
2022,65163.0,74.0,1.0,250000.0
2014,243077.0,103.0,2.0,310000.0
2014,243077.0,103.0,2.0,310000.0
2009,232436.0,96.0,1.9,180000.0
2009,232436.0,96.0,1.9,180000.0
2017,87250.0,96.0,1.2,300000.0
2017,87250.0,96.0,1.2,300000.0
2012,79098.0,77.0,1.2,210000.0
2012,79098.0,77.0,1.2,210000.0
2017,127857.0,133.0,2.0,410000.0
2017,127857.0,133.0,2.0,410000.0
2011,249886.0,120.0,2.0,120000.0
2011,249886.0,120.0,2.0,120000.0
2014,192082.0,68.0,1.6,200000.0
2014,192082.0,68.0,1.6,200000.0
2023,3996.0,96.0,1.2,11970.0
2013,189709.0,63.0,1.2,200000.0
2013,189709.0,63.0,1.2,200000.0
2015,144838.0,136.0,2.0,110000.0
2015,144838.0,136.0,2.0,110000.0
2024,13099.0,85.0,1.0,100000.0
2024,13099.0,85.0,1.0,100000.0
2019,119938.0,132.0,2.0,270000.0
2019,119938.0,132.0,2.0,270000.0
2010,126739.0,88.0,1.6,150000.0
2010,126739.0,88.0,1.6,150000.0
2021,22998.0,85.0,1.5,400000.0
2021,22998.0,85.0,1.5,400000.0
2019,165773.0,140.0,2.0,400000.0
2019,165773.0,140.0,2.0,400000.0
2018,136596.0,96.0,1.5,150000.0
2018,136596.0,96.0,1.5,150000.0
2017,125019.0,96.0,1.2,210000.0
2017,125019.0,96.0,1.2,210000.0
2015,98950.0,66.0,1.2,320000.0
2015,98950.0,66.0,1.2,320000.0
2008,151681.0,80.0,1.6,110000.0
2008,151681.0,80.0,1.6,110000.0
2010,125971.0,70.0,1.4,200000.0
2010,125971.0,70.0,1.4,200000.0
2013,214407.0,81.0,1.6,210000.0
2013,214407.0,81.0,1.6,210000.0
2016,148924.0,140.0,2.0,260000.0
2016,148924.0,140.0,2.0,260000.0
2013,103820.0,77.0,1.2,410000.0
2013,103820.0,77.0,1.2,410000.0
2015,185138.0,81.0,1.4,220000.0
2015,185138.0,81.0,1.4,220000.0
2019,117437.0,110.0,2.0,350000.0
2019,117437.0,110.0,2.0,350000.0
2019,168128.0,110.0,2.0,300000.0
2019,168128.0,110.0,2.0,300000.0
2016,97249.0,74.0,1.0,250000.0
2016,97249.0,74.0,1.0,250000.0
2009,177088.0,90.0,1.4,210000.0
2009,177088.0,90.0,1.4,210000.0
2015,190157.0,125.0,2.0,150000.0
2015,190157.0,125.0,2.0,150000.0
2023,68781.0,81.0,1.0,210000.0
2023,68781.0,81.0,1.0,210000.0
2020,66994.0,85.0,2.0,260000.0
2020,66994.0,85.0,2.0,260000.0
2021,95568.0,110.0,1.5,150000.0
2021,95568.0,110.0,1.5,150000.0
2013,113230.0,85.0,1.6,300000.0
2013,113230.0,85.0,1.6,300000.0
2013,97235.0,63.0,1.2,200000.0
2013,97235.0,63.0,1.2,200000.0
2014,139305.0,53.0,1.2,140000.0
2014,139305.0,53.0,1.2,140000.0
2018,142515.0,140.0,2.0,350000.0
2018,142515.0,140.0,2.0,350000.0
2025,6319.0,110.0,1.5,1149000.0
2025,6319.0,110.0,1.5,1149000.0
2022,111284.0,110.0,2.0,460000.0
2022,111284.0,110.0,2.0,460000.0
2020,165985.0,140.0,2.0,370000.0
2020,165985.0,140.0,2.0,370000.0
2005,189498.0,50.0,1.4,100000.0
2005,189498.0,50.0,1.4,100000.0
2017,150645.0,110.0,2.0,12370.0
2020,157745.0,85.0,2.0,100000.0
2020,157745.0,85.0,2.0,100000.0
2016,97550.0,110.0,2.0,200000.0
2016,97550.0,110.0,2.0,200000.0
2017,89796.0,81.0,1.2,300000.0
2017,89796.0,81.0,1.2,300000.0
2015,145690.0,130.0,1.6,320000.0
2015,145690.0,130.0,1.6,320000.0
2024,6180.0,110.0,1.5,1604000.0
2024,6180.0,110.0,1.5,1604000.0
2025,9435.0,142.0,2.0,3672000.0
2025,9435.0,142.0,2.0,3672000.0
2019,107213.0,110.0,1.5,230000.0
2019,107213.0,110.0,1.5,230000.0
2016,266903.0,81.0,1.6,150000.0
2016,266903.0,81.0,1.6,150000.0
2019,165064.0,88.0,1.5,280000.0
2019,165064.0,88.0,1.5,280000.0
2011,161510.0,85.0,1.7,150000.0
2011,161510.0,85.0,1.7,150000.0
2023,61528.0,81.0,1.0,250000.0
2023,61528.0,81.0,1.0,250000.0
2009,129905.0,103.0,1.4,100000.0
2009,129905.0,103.0,1.4,100000.0
2019,124809.0,110.0,2.0,300000.0
2019,124809.0,110.0,2.0,300000.0
2013,161994.0,77.0,1.6,150000.0
2013,161994.0,77.0,1.6,150000.0
2025,9204.0,110.0,2.0,2369000.0
2025,9204.0,110.0,2.0,2369000.0
2015,160878.0,103.0,1.4,100000.0
2015,160878.0,103.0,1.4,100000.0
2014,122022.0,77.0,1.6,400000.0
2014,122022.0,77.0,1.6,400000.0
2021,108919.0,110.0,1.6,250000.0
2021,108919.0,110.0,1.6,250000.0
2017,182104.0,140.0,2.0,350000.0
2017,182104.0,140.0,2.0,350000.0
2014,165458.0,66.0,1.4,150000.0
2014,165458.0,66.0,1.4,150000.0
2012,158922.0,118.0,1.4,110000.0
2012,158922.0,118.0,1.4,110000.0
2014,128359.0,165.0,2.0,100000.0
2014,128359.0,165.0,2.0,100000.0
2014,87389.0,81.0,1.5,100000.0
2014,87389.0,81.0,1.5,100000.0
2009,106149.0,70.0,1.4,50000.0
2009,106149.0,70.0,1.4,50000.0
2017,112175.0,110.0,2.0,200000.0
2017,112175.0,110.0,2.0,200000.0
2007,270273.0,103.0,1.8,120000.0
2007,270273.0,103.0,1.8,120000.0
2008,98974.0,61.0,1.2,350000.0
2008,98974.0,61.0,1.2,350000.0
2012,127776.0,92.0,1.4,210000.0
2012,127776.0,92.0,1.4,210000.0
2014,167204.0,132.0,1.8,100000.0
2014,167204.0,132.0,1.8,100000.0
2022,114148.0,110.0,2.0,250000.0
2022,114148.0,110.0,2.0,250000.0
2013,159343.0,103.0,2.0,200000.0
2013,159343.0,103.0,2.0,200000.0
2007,207199.0,44.0,1.2,120000.0
2007,207199.0,44.0,1.2,120000.0
2020,180319.0,100.0,1.6,300000.0
2020,180319.0,100.0,1.6,300000.0
2012,198366.0,68.0,1.6,100000.0
2012,198366.0,68.0,1.6,100000.0
2019,146989.0,96.0,1.3,74000.0
2016,72983.0,81.0,1.2,270000.0
2016,72983.0,81.0,1.2,270000.0
2021,181866.0,85.0,2.0,300000.0
2021,181866.0,85.0,2.0,300000.0
2008,55009.0,88.0,1.6,220000.0
2008,55009.0,88.0,1.6,220000.0
2016,88184.0,110.0,2.0,200000.0
2016,88184.0,110.0,2.0,200000.0
2016,112012.0,66.0,1.2,210000.0
2016,112012.0,66.0,1.2,210000.0
2005,224837.0,88.0,1.9,100000.0
2005,224837.0,88.0,1.9,100000.0
2017,99286.0,74.0,1.2,310000.0
2017,99286.0,74.0,1.2,310000.0
2012,247730.0,155.0,2.0,150000.0
2012,247730.0,155.0,2.0,150000.0
2018,186040.0,85.0,1.6,200000.0
2018,186040.0,85.0,1.6,200000.0
2018,140209.0,85.0,1.6,100000.0
2018,140209.0,85.0,1.6,100000.0
2013,140214.0,103.0,1.4,100000.0
2013,140214.0,103.0,1.4,100000.0
2012,168539.0,103.0,2.0,100000.0
2012,168539.0,103.0,2.0,100000.0
2020,51835.0,81.0,1.5,170000.0
2020,51835.0,81.0,1.5,170000.0
2015,213723.0,77.0,1.6,140000.0
2015,213723.0,77.0,1.6,140000.0
2014,133777.0,84.0,1.6,190000.0
2014,133777.0,84.0,1.6,190000.0
2015,106053.0,51.0,1.0,260000.0
2015,106053.0,51.0,1.0,260000.0
2025,12.0,130.0,1.5,600000.0
2025,12.0,130.0,1.5,600000.0
2016,97306.0,110.0,1.4,350000.0
2016,97306.0,110.0,1.4,350000.0
2021,90071.0,118.0,1.5,160000.0
2021,90071.0,118.0,1.5,160000.0
2016,171317.0,96.0,1.6,200000.0
2016,171317.0,96.0,1.6,200000.0
2010,230447.0,77.0,1.6,160000.0
2010,230447.0,77.0,1.6,160000.0
2021,61953.0,117.0,1.5,240000.0
2021,61953.0,117.0,1.5,240000.0
2025,6218.0,110.0,1.5,1799000.0
2025,6218.0,110.0,1.5,1799000.0
2011,151237.0,103.0,2.0,200000.0
2011,151237.0,103.0,2.0,200000.0
2019,71552.0,103.0,1.4,300000.0
2019,71552.0,103.0,1.4,300000.0
2014,156502.0,66.0,0.9,100000.0
2014,156502.0,66.0,0.9,100000.0
2015,139483.0,81.0,1.6,450000.0
2015,139483.0,81.0,1.6,450000.0
2018,61885.0,63.0,1.1,160000.0
2018,61885.0,63.0,1.1,160000.0
2010,156685.0,85.0,2.0,140000.0
2010,156685.0,85.0,2.0,140000.0
2021,162114.0,70.0,1.0,50000.0
2021,162114.0,70.0,1.0,50000.0
2016,123160.0,85.0,1.2,100000.0
2016,123160.0,85.0,1.2,100000.0
2016,239400.0,110.0,2.0,160000.0
2016,239400.0,110.0,2.0,160000.0
2008,51790.0,75.0,1.5,210000.0
2008,51790.0,75.0,1.5,210000.0
2022,66553.0,82.0,1.0,210000.0
2022,66553.0,82.0,1.0,210000.0
2014,240086.0,125.0,2.0,170000.0
2014,240086.0,125.0,2.0,170000.0
2020,157399.0,110.0,1.5,200000.0
2020,157399.0,110.0,1.5,200000.0
2008,281385.0,66.0,1.6,120000.0
2008,281385.0,66.0,1.6,120000.0
2017,95268.0,66.0,1.4,110000.0
2017,95268.0,66.0,1.4,110000.0
2008,79441.0,55.0,1.2,50000.0
2008,79441.0,55.0,1.2,50000.0
2024,21477.0,82.0,1.0,100000.0
2024,21477.0,82.0,1.0,100000.0
2014,61135.0,121.0,2.0,150000.0
2014,61135.0,121.0,2.0,150000.0
2020,169825.0,110.0,1.5,100000.0
2020,169825.0,110.0,1.5,100000.0
2013,190234.0,84.0,1.6,90000.0
2013,190234.0,84.0,1.6,90000.0
2014,158484.0,77.0,1.2,100000.0
2014,158484.0,77.0,1.2,100000.0
2020,186252.0,110.0,2.0,300000.0
2020,186252.0,110.0,2.0,300000.0
2020,103380.0,100.0,1.6,210000.0
2020,103380.0,100.0,1.6,210000.0
2013,177370.0,77.0,1.2,110000.0
2013,177370.0,77.0,1.2,110000.0
2025,8919.0,142.0,2.0,2949000.0
2025,8919.0,142.0,2.0,2949000.0
2025,9225.0,142.0,2.0,3672000.0
2025,9225.0,142.0,2.0,3672000.0
2011,67589.0,88.0,1.4,200000.0
2011,67589.0,88.0,1.4,200000.0
2015,137404.0,100.0,2.0,210000.0
2015,137404.0,100.0,2.0,210000.0
2015,183505.0,140.0,2.0,350000.0
2015,183505.0,140.0,2.0,350000.0
2013,95988.0,44.0,1.0,150000.0
2013,95988.0,44.0,1.0,150000.0
2016,65724.0,130.0,1.6,210000.0
2016,65724.0,130.0,1.6,210000.0
2009,173300.0,103.0,2.0,200000.0
2009,173300.0,103.0,2.0,200000.0
2009,181487.0,96.0,1.4,60000.0
2009,181487.0,96.0,1.4,60000.0
2020,145272.0,110.0,2.0,330000.0
2020,145272.0,110.0,2.0,330000.0
2007,119210.0,61.0,1.4,60000.0
2007,119210.0,61.0,1.4,60000.0
2016,123776.0,100.0,1.6,200000.0
2016,123776.0,100.0,1.6,200000.0
2014,108166.0,96.0,1.7,170000.0
2014,108166.0,96.0,1.7,170000.0
2008,138508.0,84.0,1.6,200000.0
2008,138508.0,84.0,1.6,200000.0
2014,203943.0,110.0,2.0,110000.0
2014,203943.0,110.0,2.0,110000.0
2012,182642.0,125.0,2.0,100000.0
2012,182642.0,125.0,2.0,100000.0
2008,170170.0,51.0,1.2,60000.0
2008,170170.0,51.0,1.2,60000.0
2025,10060.0,195.0,2.0,709000.0
2025,10060.0,195.0,2.0,709000.0
2014,236785.0,77.0,1.6,110000.0
2014,236785.0,77.0,1.6,110000.0
2010,231300.0,78.0,1.5,50000.0
2010,231300.0,78.0,1.5,50000.0
2010,194003.0,125.0,2.0,110000.0
2010,194003.0,125.0,2.0,110000.0
2009,268351.0,151.0,2.4,200000.0
2009,268351.0,151.0,2.4,200000.0
2010,282919.0,88.0,2.0,50000.0
2010,282919.0,88.0,2.0,50000.0
2016,97890.0,132.0,1.8,200000.0
2016,97890.0,132.0,1.8,200000.0
2020,195962.0,110.0,2.0,200000.0
2020,195962.0,110.0,2.0,200000.0
2025,9471.0,142.0,2.0,2792000.0
2025,9471.0,142.0,2.0,2792000.0
2015,51732.0,66.0,1.2,100000.0
2015,51732.0,66.0,1.2,100000.0
2014,176767.0,147.0,2.4,210000.0
2014,176767.0,147.0,2.4,210000.0
2013,196180.0,77.0,1.6,200000.0
2013,196180.0,77.0,1.6,200000.0
2021,161279.0,110.0,1.5,11400.0
2008,124756.0,96.0,1.5,250000.0
2008,124756.0,96.0,1.5,250000.0
2013,173320.0,110.0,2.0,90000.0
2013,173320.0,110.0,2.0,90000.0
2011,120774.0,70.0,1.4,50000.0
2011,120774.0,70.0,1.4,50000.0
2008,99458.0,81.0,1.2,370000.0
2008,99458.0,81.0,1.2,370000.0
2012,157243.0,90.0,1.4,70000.0
2012,157243.0,90.0,1.4,70000.0
2014,111731.0,77.0,1.2,50000.0
2014,111731.0,77.0,1.2,50000.0
2004,93271.0,62.0,1.4,50000.0
2004,93271.0,62.0,1.4,50000.0
2011,171980.0,90.0,1.4,100000.0
2011,171980.0,90.0,1.4,100000.0
2009,178422.0,90.0,1.4,60000.0
2009,178422.0,90.0,1.4,60000.0
2025,9161.0,110.0,2.0,2129000.0
2025,9161.0,110.0,2.0,2129000.0
2024,15572.0,117.0,1.5,200000.0
2024,15572.0,117.0,1.5,200000.0
2023,40756.0,88.0,1.0,210000.0
2023,40756.0,88.0,1.0,210000.0
2017,139502.0,132.0,2.0,200000.0
2017,139502.0,132.0,2.0,200000.0
2008,195613.0,100.0,2.0,60000.0
2008,195613.0,100.0,2.0,60000.0
2021,156492.0,110.0,1.5,210000.0
2021,156492.0,110.0,1.5,210000.0
2021,164574.0,85.0,2.0,270000.0
2021,164574.0,85.0,2.0,270000.0
2003,163261.0,55.0,1.4,70000.0
2003,163261.0,55.0,1.4,70000.0
2016,139098.0,140.0,2.0,150000.0
2016,139098.0,140.0,2.0,150000.0
2019,95757.0,110.0,1.5,94000.0
2015,162927.0,103.0,2.0,250000.0
2015,162927.0,103.0,2.0,250000.0
2019,132637.0,140.0,2.0,400000.0
2019,132637.0,140.0,2.0,400000.0
2013,50761.0,118.0,1.4,210000.0
2013,50761.0,118.0,1.4,210000.0
2013,143282.0,103.0,1.4,100000.0
2013,143282.0,103.0,1.4,100000.0
2013,76337.0,100.0,2.0,150000.0
2013,76337.0,100.0,2.0,150000.0
2014,179040.0,88.0,2.0,260000.0
2014,179040.0,88.0,2.0,260000.0
2006,483900.0,74.0,1.9,170000.0
2006,483900.0,74.0,1.9,170000.0
2005,167529.0,66.0,1.6,50000.0
2005,167529.0,66.0,1.6,50000.0
2016,153085.0,140.0,2.0,110000.0
2016,153085.0,140.0,2.0,110000.0
2014,106383.0,81.0,1.2,110000.0
2014,106383.0,81.0,1.2,110000.0
2017,87210.0,74.0,1.0,250000.0
2017,87210.0,74.0,1.0,250000.0
2019,221647.0,75.0,1.3,170000.0
2019,221647.0,75.0,1.3,170000.0
2011,93457.0,63.0,1.2,50000.0
2011,93457.0,63.0,1.2,50000.0
2014,155882.0,63.0,1.2,100000.0
2014,155882.0,63.0,1.2,100000.0
2016,101087.0,110.0,1.4,210000.0
2016,101087.0,110.0,1.4,210000.0
2009,180949.0,111.0,2.0,200000.0
2009,180949.0,111.0,2.0,200000.0
2011,237501.0,77.0,1.6,60000.0
2011,237501.0,77.0,1.6,60000.0
2016,125605.0,140.0,2.4,400000.0
2016,125605.0,140.0,2.4,400000.0
2022,145407.0,110.0,2.0,220000.0
2022,145407.0,110.0,2.0,220000.0
2008,62709.0,81.0,1.2,200000.0
2008,62709.0,81.0,1.2,200000.0
2008,29917.0,96.0,1.2,310000.0
2008,29917.0,96.0,1.2,310000.0
2011,287468.0,96.0,1.9,70000.0
2011,287468.0,96.0,1.9,70000.0
2013,140866.0,77.0,1.2,50000.0
2013,140866.0,77.0,1.2,50000.0
2012,163153.0,85.0,1.8,500000.0
2012,163153.0,85.0,1.8,500000.0
2007,98814.0,103.0,1.4,150000.0
2007,98814.0,103.0,1.4,150000.0
2014,241337.0,77.0,1.6,250000.0
2014,241337.0,77.0,1.6,250000.0
2008,90461.0,81.0,1.2,200000.0
2008,90461.0,81.0,1.2,200000.0
2019,65392.0,130.0,1.6,150000.0
2019,65392.0,130.0,1.6,150000.0
2019,165770.0,110.0,2.0,200000.0
2019,165770.0,110.0,2.0,200000.0
2009,178887.0,107.0,2.0,50000.0
2009,178887.0,107.0,2.0,50000.0
2016,238430.0,103.0,1.4,100000.0
2016,238430.0,103.0,1.4,100000.0
2017,127095.0,88.0,1.0,150000.0
2017,127095.0,88.0,1.0,150000.0
2016,173946.0,125.0,2.0,100000.0
2016,173946.0,125.0,2.0,100000.0
2009,57828.0,70.0,1.4,150000.0
2009,57828.0,70.0,1.4,150000.0
2013,224487.0,74.0,1.6,300000.0
2013,224487.0,74.0,1.6,300000.0
2015,130915.0,88.0,1.6,100000.0
2015,130915.0,88.0,1.6,100000.0
2012,124383.0,77.0,1.6,200000.0
2012,124383.0,77.0,1.6,200000.0
2015,197418.0,110.0,2.0,200000.0
2015,197418.0,110.0,2.0,200000.0
2025,1.0,195.0,2.0,1010000.0
2025,1.0,195.0,2.0,1010000.0
2022,40507.0,81.0,1.0,150000.0
2022,40507.0,81.0,1.0,150000.0
2016,136915.0,110.0,2.0,139000.0
2015,120035.0,110.0,2.0,100000.0
2015,120035.0,110.0,2.0,100000.0
2017,267981.0,81.0,1.6,100000.0
2017,267981.0,81.0,1.6,100000.0
2021,115550.0,70.0,1.0,100000.0
2021,115550.0,70.0,1.0,100000.0
2022,19424.0,120.0,1.5,310000.0
2022,19424.0,120.0,1.5,310000.0
2013,230137.0,110.0,2.0,350000.0
2013,230137.0,110.0,2.0,350000.0
2025,7733.0,110.0,2.0,1739000.0
2025,7733.0,110.0,2.0,1739000.0
2013,163998.0,55.0,1.6,60000.0
2013,163998.0,55.0,1.6,60000.0
2014,66517.0,77.0,1.2,170000.0
2014,66517.0,77.0,1.2,170000.0
2014,160239.0,90.0,1.4,150000.0
2014,160239.0,90.0,1.4,150000.0
2017,183477.0,206.0,2.0,250000.0
2017,183477.0,206.0,2.0,250000.0
2013,139545.0,111.0,2.0,210000.0
2013,139545.0,111.0,2.0,210000.0
2011,9846.0,44.0,1.2,100000.0
2011,9846.0,44.0,1.2,100000.0
2014,176230.0,103.0,2.0,100000.0
2014,176230.0,103.0,2.0,100000.0
2011,82150.0,51.0,1.2,50000.0
2011,82150.0,51.0,1.2,50000.0
2020,68138.0,133.0,1.6,250000.0
2020,68138.0,133.0,1.6,250000.0
2019,91662.0,117.0,1.3,100000.0
2019,91662.0,117.0,1.3,100000.0
2013,133200.0,90.0,1.4,200000.0
2013,133200.0,90.0,1.4,200000.0
2016,87489.0,77.0,1.5,200000.0
2016,87489.0,77.0,1.5,200000.0
2011,194487.0,120.0,2.2,100000.0
2011,194487.0,120.0,2.2,100000.0
2025,9914.0,142.0,2.0,2864000.0
2025,9914.0,142.0,2.0,2864000.0
2018,86773.0,88.0,1.0,150000.0
2018,86773.0,88.0,1.0,150000.0
2013,178328.0,77.0,1.6,200000.0
2013,178328.0,77.0,1.6,200000.0
2002,75047.0,50.0,1.4,50000.0
2002,75047.0,50.0,1.4,50000.0
2009,94583.0,97.0,1.6,120000.0
2009,94583.0,97.0,1.6,120000.0
2012,165191.0,63.0,1.2,150000.0
2012,165191.0,63.0,1.2,150000.0
2012,131287.0,155.0,2.0,200000.0
2012,131287.0,155.0,2.0,200000.0
2013,105395.0,60.0,1.2,50000.0
2013,105395.0,60.0,1.2,50000.0
2018,159767.0,103.0,1.4,200000.0
2018,159767.0,103.0,1.4,200000.0
2012,217500.0,77.0,1.6,50000.0
2012,217500.0,77.0,1.6,50000.0
2023,12340.0,75.0,1.2,260000.0
2023,12340.0,75.0,1.2,260000.0
2009,235009.0,74.0,1.2,50000.0
2009,235009.0,74.0,1.2,50000.0
2016,91780.0,81.0,1.5,300000.0
2016,91780.0,81.0,1.5,300000.0
2012,90596.0,66.0,0.9,100000.0
2012,90596.0,66.0,0.9,100000.0
2023,47000.0,81.0,1.0,200000.0
2023,47000.0,81.0,1.0,200000.0
2018,122332.0,81.0,1.0,200000.0
2018,122332.0,81.0,1.0,200000.0
2008,39684.0,60.0,1.2,300000.0
2008,39684.0,60.0,1.2,300000.0
2014,174946.0,85.0,1.2,89000.0
2017,181146.0,110.0,2.0,100000.0
2017,181146.0,110.0,2.0,100000.0
2019,111966.0,44.0,1.0,100000.0
2019,111966.0,44.0,1.0,100000.0
2014,198762.0,190.0,3.0,200000.0
2014,198762.0,190.0,3.0,200000.0
2010,212530.0,80.0,1.6,100000.0
2010,212530.0,80.0,1.6,100000.0
2012,202868.0,118.0,1.4,160000.0
2012,202868.0,118.0,1.4,160000.0
2010,208363.0,80.0,1.6,50000.0
2010,208363.0,80.0,1.6,50000.0
2014,106723.0,77.0,1.2,160000.0
2014,106723.0,77.0,1.2,160000.0
2021,150626.0,90.0,1.5,150000.0
2021,150626.0,90.0,1.5,150000.0
2016,36862.0,60.0,1.6,110000.0
2016,36862.0,60.0,1.6,110000.0
2011,223594.0,120.0,2.0,100000.0
2011,223594.0,120.0,2.0,100000.0
2012,99676.0,77.0,1.2,150000.0
2012,99676.0,77.0,1.2,150000.0
2012,267163.0,120.0,2.0,50000.0
2012,267163.0,120.0,2.0,50000.0
2011,140046.0,85.0,1.6,140000.0
2011,140046.0,85.0,1.6,140000.0
2010,174347.0,77.0,1.6,60000.0
2010,174347.0,77.0,1.6,60000.0
2021,105301.0,81.0,1.0,250000.0
2021,105301.0,81.0,1.0,250000.0
2014,178981.0,85.0,1.6,100000.0
2014,178981.0,85.0,1.6,100000.0
2016,91689.0,96.0,1.2,200000.0
2016,91689.0,96.0,1.2,200000.0
2013,63461.0,59.0,1.2,100000.0
2013,63461.0,59.0,1.2,100000.0
2013,84557.0,74.0,1.0,50000.0
2013,84557.0,74.0,1.0,50000.0
2014,125737.0,77.0,1.2,300000.0
2014,125737.0,77.0,1.2,300000.0
2016,187959.0,147.0,3.2,150000.0
2016,187959.0,147.0,3.2,150000.0
2013,134661.0,74.0,1.0,150000.0
2013,134661.0,74.0,1.0,150000.0
2015,183796.0,88.0,2.0,200000.0
2015,183796.0,88.0,2.0,200000.0
2016,166386.0,140.0,2.0,141000.0
2025,9576.0,110.0,1.5,1799000.0
2025,9576.0,110.0,1.5,1799000.0
2021,105629.0,180.0,2.0,150000.0
2021,105629.0,180.0,2.0,150000.0
2012,119589.0,103.0,1.4,110000.0
2012,119589.0,103.0,1.4,110000.0
2017,197338.0,85.0,1.6,90000.0
2017,197338.0,85.0,1.6,90000.0
2015,73984.0,85.0,1.5,150000.0
2015,73984.0,85.0,1.5,150000.0
2011,190151.0,77.0,1.2,150000.0
2011,190151.0,77.0,1.2,150000.0
2010,282049.0,100.0,2.0,50000.0
2010,282049.0,100.0,2.0,50000.0
2025,10169.0,110.0,2.0,2359000.0
2025,10169.0,110.0,2.0,2359000.0
2015,183303.0,81.0,1.6,200000.0
2015,183303.0,81.0,1.6,200000.0
2010,186496.0,100.0,2.0,70000.0
2010,186496.0,100.0,2.0,70000.0
2012,137541.0,80.0,1.4,150000.0
2012,137541.0,80.0,1.4,150000.0
2022,42487.0,82.0,1.0,12400.0
2015,60695.0,74.0,1.4,100000.0
2015,60695.0,74.0,1.4,100000.0
2014,185966.0,105.0,2.0,200000.0
2014,185966.0,105.0,2.0,200000.0
2014,157006.0,77.0,1.6,81000.0
2019,149966.0,70.0,1.0,50000.0
2019,149966.0,70.0,1.0,50000.0
2015,102553.0,66.0,0.9,100000.0
2015,102553.0,66.0,0.9,100000.0
2018,192119.0,135.0,2.0,200000.0
2018,192119.0,135.0,2.0,200000.0
2018,106429.0,103.0,1.0,460000.0
2018,106429.0,103.0,1.0,460000.0
2018,147771.0,134.0,1.5,200000.0
2018,147771.0,134.0,1.5,200000.0
2012,87733.0,74.0,1.0,110000.0
2012,87733.0,74.0,1.0,110000.0
2016,228323.0,135.0,2.0,160000.0
2016,228323.0,135.0,2.0,160000.0
2017,78390.0,136.0,2.0,110000.0
2017,78390.0,136.0,2.0,110000.0
2016,78238.0,92.0,1.0,100000.0
2016,78238.0,92.0,1.0,100000.0
2013,157004.0,63.0,1.2,100000.0
2013,157004.0,63.0,1.2,100000.0
2015,41387.0,96.0,1.2,150000.0
2015,41387.0,96.0,1.2,150000.0
2018,110762.0,125.0,1.4,200000.0
2018,110762.0,125.0,1.4,200000.0
2018,124791.0,110.0,2.0,100000.0
2018,124791.0,110.0,2.0,100000.0
2025,9648.0,142.0,2.0,3085000.0
2025,9648.0,142.0,2.0,3085000.0
2017,55857.0,81.0,1.2,300000.0
2017,55857.0,81.0,1.2,300000.0
2017,66540.0,66.0,0.9,110000.0
2017,66540.0,66.0,0.9,110000.0
2016,156463.0,125.0,2.2,160000.0
2016,156463.0,125.0,2.2,160000.0
2020,168715.0,110.0,1.5,150000.0
2020,168715.0,110.0,1.5,150000.0
2016,184571.0,92.0,1.4,100000.0
2016,184571.0,92.0,1.4,100000.0
2009,201267.0,129.0,2.2,100000.0
2009,201267.0,129.0,2.2,100000.0
2013,51718.0,63.0,1.2,200000.0
2013,51718.0,63.0,1.2,200000.0
2019,155967.0,81.0,1.6,100000.0
2019,155967.0,81.0,1.6,100000.0
2009,237518.0,165.0,3.0,100000.0
2009,237518.0,165.0,3.0,100000.0
2012,171431.0,66.0,1.6,200000.0
2012,171431.0,66.0,1.6,200000.0
2013,99330.0,63.0,1.2,140000.0
2013,99330.0,63.0,1.2,140000.0
2015,157984.0,96.0,1.7,100000.0
2015,157984.0,96.0,1.7,100000.0
2015,186352.0,81.0,1.6,180000.0
2015,186352.0,81.0,1.6,180000.0
2016,100450.0,100.0,1.6,100000.0
2016,100450.0,100.0,1.6,100000.0
2013,166232.0,110.0,2.0,200000.0
2013,166232.0,110.0,2.0,200000.0
2020,239570.0,140.0,2.0,100000.0
2020,239570.0,140.0,2.0,100000.0
2014,55980.0,96.0,1.2,100000.0
2014,55980.0,96.0,1.2,100000.0
2018,38848.0,85.0,1.2,170000.0
2018,38848.0,85.0,1.2,170000.0
2010,196706.0,77.0,1.6,70000.0
2010,196706.0,77.0,1.6,70000.0
2017,67679.0,85.0,1.2,100000.0
2017,67679.0,85.0,1.2,100000.0
2018,159796.0,66.0,1.4,60000.0
2018,159796.0,66.0,1.4,60000.0
2007,198527.0,74.0,1.6,50000.0
2007,198527.0,74.0,1.6,50000.0
2020,114433.0,110.0,2.0,13110.0
2009,239767.0,81.0,2.0,50000.0
2009,239767.0,81.0,2.0,50000.0
2015,182608.0,110.0,2.0,110000.0
2015,182608.0,110.0,2.0,110000.0
2018,159382.0,130.0,1.6,200000.0
2018,159382.0,130.0,1.6,200000.0
2012,142398.0,77.0,1.2,160000.0
2012,142398.0,77.0,1.2,160000.0
2008,75797.0,61.0,1.2,260000.0
2008,75797.0,61.0,1.2,260000.0
2013,157379.0,63.0,1.2,100000.0
2013,157379.0,63.0,1.2,100000.0
2013,71984.0,81.0,1.6,150000.0
2013,71984.0,81.0,1.6,150000.0
2018,166738.0,140.0,2.0,300000.0
2018,166738.0,140.0,2.0,300000.0
2020,137328.0,110.0,2.0,100000.0
2020,137328.0,110.0,2.0,100000.0
2012,232839.0,103.0,2.0,100000.0
2012,232839.0,103.0,2.0,100000.0
2015,98872.0,88.0,1.6,150000.0
2015,98872.0,88.0,1.6,150000.0
2015,90411.0,88.0,1.4,110000.0
2015,90411.0,88.0,1.4,110000.0
2016,90042.0,73.0,1.6,200000.0
2016,90042.0,73.0,1.6,200000.0
2023,164252.0,110.0,1.5,150000.0
2023,164252.0,110.0,1.5,150000.0
2012,80197.0,85.0,1.6,100000.0
2012,80197.0,85.0,1.6,100000.0
2022,35115.0,110.0,1.6,110000.0
2022,35115.0,110.0,1.6,110000.0
2008,117306.0,63.0,1.4,59000.0
2019,59967.0,81.0,1.2,200000.0
2019,59967.0,81.0,1.2,200000.0
2013,238288.0,103.0,2.0,200000.0
2013,238288.0,103.0,2.0,200000.0
2013,137247.0,77.0,1.2,160000.0
2013,137247.0,77.0,1.2,160000.0
2013,163282.0,132.0,1.8,150000.0
2013,163282.0,132.0,1.8,150000.0
2009,92232.0,90.0,1.4,250000.0
2009,92232.0,90.0,1.4,250000.0
2008,248050.0,85.0,1.8,100000.0
2008,248050.0,85.0,1.8,100000.0
2014,185711.0,105.0,2.0,200000.0
2014,185711.0,105.0,2.0,200000.0
2015,134725.0,60.0,1.2,50000.0
2015,134725.0,60.0,1.2,50000.0
2012,103970.0,92.0,1.6,150000.0
2012,103970.0,92.0,1.6,150000.0
2016,100598.0,140.0,2.0,100000.0
2016,100598.0,140.0,2.0,100000.0
2019,135792.0,81.0,1.0,160000.0
2019,135792.0,81.0,1.0,160000.0
2016,144859.0,136.0,2.0,210000.0
2016,144859.0,136.0,2.0,210000.0
2007,169813.0,74.0,1.7,50000.0
2007,169813.0,74.0,1.7,50000.0
2020,80337.0,110.0,1.5,310000.0
2020,80337.0,110.0,1.5,310000.0
2022,215597.0,147.0,2.0,200000.0
2022,215597.0,147.0,2.0,200000.0
2012,150440.0,103.0,1.4,60000.0
2012,150440.0,103.0,1.4,60000.0
2015,95888.0,84.0,1.6,100000.0
2015,95888.0,84.0,1.6,100000.0
2022,56535.0,110.0,1.6,150000.0
2022,56535.0,110.0,1.6,150000.0
2016,78141.0,81.0,1.2,110000.0
2016,78141.0,81.0,1.2,110000.0
2009,64734.0,74.0,1.3,60000.0
2009,64734.0,74.0,1.3,60000.0
2023,18395.0,110.0,1.5,110000.0
2023,18395.0,110.0,1.5,110000.0
2015,153376.0,96.0,1.6,170000.0
2011,129247.0,84.0,1.6,50000.0
2011,129247.0,84.0,1.6,50000.0
2011,204336.0,82.0,1.6,50000.0
2011,204336.0,82.0,1.6,50000.0
2011,172931.0,77.0,1.2,60000.0
2011,172931.0,77.0,1.2,60000.0
2015,139257.0,81.0,1.6,60000.0
2015,139257.0,81.0,1.6,60000.0
2020,85318.0,110.0,1.5,100000.0
2020,85318.0,110.0,1.5,100000.0
2020,135652.0,103.0,1.4,100000.0
2020,135652.0,103.0,1.4,100000.0
2012,81160.0,103.0,2.0,200000.0
2012,81160.0,103.0,2.0,200000.0
2010,148904.0,77.0,1.2,50000.0
2010,148904.0,77.0,1.2,50000.0
2020,145101.0,96.0,1.5,410000.0
2020,145101.0,96.0,1.5,410000.0
2017,126960.0,70.0,1.4,50000.0
2017,126960.0,70.0,1.4,50000.0
2025,7291.0,110.0,2.0,2722000.0
2025,7291.0,110.0,2.0,2722000.0
2020,180554.0,85.0,1.6,150000.0
2020,180554.0,85.0,1.6,150000.0
2021,134937.0,70.0,1.0,100000.0
2021,134937.0,70.0,1.0,100000.0
2014,117679.0,90.0,1.4,100000.0
2014,117679.0,90.0,1.4,100000.0
2014,137990.0,77.0,1.2,50000.0
2014,137990.0,77.0,1.2,50000.0
2018,74261.0,96.0,1.2,100000.0
2018,74261.0,96.0,1.2,100000.0
2011,111933.0,82.0,1.6,150000.0
2011,111933.0,82.0,1.6,150000.0
2020,200483.0,140.0,2.0,110000.0
2020,200483.0,140.0,2.0,110000.0
2023,80639.0,117.0,1.5,100000.0
2023,80639.0,117.0,1.5,100000.0
2017,126080.0,81.0,1.0,100000.0
2017,126080.0,81.0,1.0,100000.0
2012,146677.0,135.0,2.0,300000.0
2012,146677.0,135.0,2.0,300000.0
2018,170608.0,70.0,1.5,100000.0
2018,170608.0,70.0,1.5,100000.0
2013,192236.0,77.0,1.2,100000.0
2013,192236.0,77.0,1.2,100000.0
2017,162571.0,173.0,2.0,14820.0
2016,194889.0,88.0,1.6,68000.0
2013,24675.0,60.0,1.2,100000.0
2013,24675.0,60.0,1.2,100000.0
2013,103894.0,44.0,1.0,50000.0
2013,103894.0,44.0,1.0,50000.0
2021,147871.0,70.0,1.0,60000.0
2021,147871.0,70.0,1.0,60000.0
2021,140046.0,70.0,1.0,100000.0
2021,140046.0,70.0,1.0,100000.0
2012,186757.0,85.0,1.7,100000.0
2012,186757.0,85.0,1.7,100000.0
2025,6003.0,110.0,2.0,2424000.0
2025,6003.0,110.0,2.0,2424000.0
2020,146639.0,81.0,1.0,100000.0
2020,146639.0,81.0,1.0,100000.0
2012,83732.0,110.0,2.0,100000.0
2012,83732.0,110.0,2.0,100000.0
2021,123780.0,110.0,1.5,100000.0
2021,123780.0,110.0,1.5,100000.0
2011,109944.0,90.0,1.4,150000.0
2011,109944.0,90.0,1.4,150000.0
2018,133928.0,70.0,1.0,190000.0
2018,133928.0,70.0,1.0,190000.0
2019,113307.0,44.0,1.0,50000.0
2019,113307.0,44.0,1.0,50000.0
2012,146635.0,96.0,1.6,64000.0
2015,122898.0,85.0,1.2,200000.0
2015,122898.0,85.0,1.2,200000.0
2016,141716.0,190.0,3.0,100000.0
2016,141716.0,190.0,3.0,100000.0
2018,67272.0,96.0,1.5,1050000.0
2018,67272.0,96.0,1.5,1050000.0
2011,75557.0,63.0,1.2,50000.0
2011,75557.0,63.0,1.2,50000.0
2010,175411.0,77.0,1.6,100000.0
2010,175411.0,77.0,1.6,100000.0
2015,46275.0,44.0,1.0,150000.0
2015,46275.0,44.0,1.0,150000.0
2021,61902.0,81.0,1.0,10070.0
2014,178047.0,77.0,1.2,100000.0
2014,178047.0,77.0,1.2,100000.0
2008,51074.0,60.0,1.2,100000.0
2008,51074.0,60.0,1.2,100000.0
2014,149428.0,88.0,1.6,350000.0
2014,149428.0,88.0,1.6,350000.0
2012,77960.0,96.0,1.4,60000.0
2012,77960.0,96.0,1.4,60000.0
2011,168063.0,63.0,1.2,50000.0
2011,168063.0,63.0,1.2,50000.0
2018,63160.0,96.0,1.2,100000.0
2018,63160.0,96.0,1.2,100000.0
2008,81290.0,96.0,1.2,110000.0
2008,81290.0,96.0,1.2,110000.0
2018,89721.0,96.0,1.2,100000.0
2018,89721.0,96.0,1.2,100000.0
2010,91430.0,63.0,1.2,76000.0
2008,6751.0,75.0,1.2,120000.0
2008,6751.0,75.0,1.2,120000.0
2020,169759.0,70.0,1.0,60000.0
2020,169759.0,70.0,1.0,60000.0
2018,117918.0,70.0,1.0,100000.0
2018,117918.0,70.0,1.0,100000.0
2017,162755.0,110.0,1.4,150000.0
2017,162755.0,110.0,1.4,150000.0
2014,218601.0,77.0,1.6,100000.0
2014,218601.0,77.0,1.6,100000.0
2021,35548.0,81.0,1.0,12540.0
2018,102929.0,121.0,1.6,200000.0
2018,102929.0,121.0,1.6,200000.0
2020,34975.0,110.0,1.5,100000.0
2020,34975.0,110.0,1.5,100000.0
2012,268726.0,77.0,1.6,50000.0
2012,268726.0,77.0,1.6,50000.0
2018,83442.0,132.0,2.0,210000.0
2018,83442.0,132.0,2.0,210000.0
2014,109785.0,77.0,1.2,50000.0
2014,109785.0,77.0,1.2,50000.0
2021,176207.0,100.0,1.6,13110.0
2012,116976.0,100.0,2.0,100000.0
2012,116976.0,100.0,2.0,100000.0
2019,150833.0,96.0,1.5,110000.0
2019,150833.0,96.0,1.5,110000.0
2018,69208.0,44.0,1.0,100000.0
2018,69208.0,44.0,1.0,100000.0
2003,192556.0,96.0,1.9,60000.0
2003,192556.0,96.0,1.9,60000.0
2018,156860.0,132.0,2.0,14250.0
2014,151500.0,88.0,1.4,50000.0
2014,151500.0,88.0,1.4,50000.0
2020,126065.0,140.0,2.0,11400.0
2018,124961.0,121.0,2.0,11970.0
2019,102362.0,100.0,1.6,12230.0
2021,142410.0,55.0,1.2,50000.0
2021,142410.0,55.0,1.2,50000.0
2020,150030.0,85.0,2.0,110000.0
2020,150030.0,85.0,2.0,110000.0
2019,104808.0,110.0,2.0,110000.0
2019,104808.0,110.0,2.0,110000.0
2018,196145.0,81.0,1.0,160000.0
2018,196145.0,81.0,1.0,160000.0
2015,169352.0,180.0,2.0,110000.0
2015,169352.0,180.0,2.0,110000.0
2013,165263.0,77.0,1.6,200000.0
2013,165263.0,77.0,1.6,200000.0
2018,125257.0,70.0,1.0,100000.0
2018,125257.0,70.0,1.0,100000.0
2020,165028.0,110.0,2.0,15820.0
2008,55051.0,96.0,1.2,300000.0
2008,55051.0,96.0,1.2,300000.0
2017,178546.0,85.0,1.0,70000.0
2017,178546.0,85.0,1.0,70000.0
2011,199854.0,103.0,2.0,50000.0
2011,199854.0,103.0,2.0,50000.0
2016,136554.0,140.0,2.0,50000.0
2016,136554.0,140.0,2.0,50000.0
2018,129699.0,147.0,2.2,100000.0
2018,129699.0,147.0,2.2,100000.0
2010,207874.0,44.0,1.2,50000.0
2010,207874.0,44.0,1.2,50000.0
2008,108508.0,96.0,1.5,110000.0
2008,108508.0,96.0,1.5,110000.0
2016,236798.0,140.0,2.0,200000.0
2016,236798.0,140.0,2.0,200000.0
2016,121213.0,81.0,1.2,100000.0
2016,121213.0,81.0,1.2,100000.0
2014,250310.0,96.0,2.0,300000.0
2014,250310.0,96.0,2.0,300000.0
2016,91685.0,88.0,1.2,100000.0
2016,91685.0,88.0,1.2,100000.0
2012,246980.0,125.0,2.0,50000.0
2012,246980.0,125.0,2.0,50000.0
2011,232169.0,77.0,1.6,50000.0
2011,232169.0,77.0,1.6,50000.0
2010,153738.0,103.0,2.0,100000.0
2010,153738.0,103.0,2.0,100000.0
2015,183280.0,110.0,1.5,50000.0
2015,183280.0,110.0,1.5,50000.0
2015,22706.0,92.0,1.4,100000.0
2015,22706.0,92.0,1.4,100000.0
2019,21501.0,85.0,1.0,160000.0
2019,21501.0,85.0,1.0,160000.0
2012,233600.0,77.0,1.2,100000.0
2012,233600.0,77.0,1.2,100000.0
2015,99327.0,66.0,1.2,50000.0
2015,99327.0,66.0,1.2,50000.0
2012,102000.0,55.0,1.2,50000.0
2012,102000.0,55.0,1.2,50000.0
2014,155116.0,143.0,2.0,100000.0
2014,155116.0,143.0,2.0,100000.0
2018,233348.0,140.0,2.0,200000.0
2018,233348.0,140.0,2.0,200000.0
2012,177242.0,63.0,1.2,50000.0
2012,177242.0,63.0,1.2,50000.0
2010,235383.0,103.0,2.0,50000.0
2010,235383.0,103.0,2.0,50000.0
2015,145923.0,104.0,1.7,200000.0
2015,145923.0,104.0,1.7,200000.0
2011,163645.0,65.0,1.5,50000.0
2011,163645.0,65.0,1.5,50000.0
2014,137185.0,70.0,1.6,90000.0
2014,137185.0,70.0,1.6,90000.0
2013,98734.0,85.0,1.6,90000.0
2013,98734.0,85.0,1.6,90000.0
2010,70378.0,90.0,1.4,100000.0
2010,70378.0,90.0,1.4,100000.0
2004,237231.0,65.0,1.4,70000.0
2004,237231.0,65.0,1.4,70000.0
2015,176695.0,103.0,2.0,60000.0
2015,176695.0,103.0,2.0,60000.0
2012,107236.0,60.0,1.0,120000.0
2012,107236.0,60.0,1.0,120000.0
2015,158800.0,162.0,2.0,90000.0
2015,158800.0,162.0,2.0,90000.0
2006,234141.0,85.0,1.9,50000.0
2006,234141.0,85.0,1.9,50000.0
2014,152918.0,85.0,1.2,50000.0
2014,152918.0,85.0,1.2,50000.0
2005,168529.0,103.0,2.0,60000.0
2005,168529.0,103.0,2.0,60000.0
2014,174785.0,110.0,2.0,90000.0
2014,174785.0,110.0,2.0,90000.0
2014,84654.0,97.0,1.2,310000.0
2014,84654.0,97.0,1.2,310000.0
2018,252173.0,110.0,1.4,50000.0
2018,252173.0,110.0,1.4,50000.0
2018,193181.0,85.0,1.6,60000.0
2018,193181.0,85.0,1.6,60000.0
2018,73518.0,81.0,1.2,100000.0
2018,73518.0,81.0,1.2,100000.0
2016,179919.0,132.0,2.0,150000.0
2016,179919.0,132.0,2.0,150000.0
2017,51353.0,87.0,1.2,200000.0
2017,51353.0,87.0,1.2,200000.0
2011,342720.0,77.0,1.2,100000.0
2011,342720.0,77.0,1.2,100000.0
2005,85112.0,77.0,1.9,50000.0
2005,85112.0,77.0,1.9,50000.0
2016,96611.0,99.0,1.6,100000.0
2016,96611.0,99.0,1.6,100000.0
2014,311984.0,135.0,2.0,100000.0
2014,311984.0,135.0,2.0,100000.0
2016,65838.0,73.0,1.4,50000.0
2016,65838.0,73.0,1.4,50000.0
2010,243475.0,77.0,1.6,50000.0
2010,243475.0,77.0,1.6,50000.0
2017,147810.0,135.0,2.0,200000.0
2017,147810.0,135.0,2.0,200000.0
2017,50226.0,44.0,1.0,60000.0
2017,50226.0,44.0,1.0,60000.0
2022,74139.0,110.0,1.5,100000.0
2022,74139.0,110.0,1.5,100000.0
2021,130786.0,70.0,1.0,100000.0
2021,130786.0,70.0,1.0,100000.0
2017,50036.0,130.0,2.0,12830.0
2018,62959.0,44.0,1.0,100000.0
2018,62959.0,44.0,1.0,100000.0
2011,139107.0,103.0,1.4,169000.0
2015,128667.0,90.0,1.4,100000.0
2015,128667.0,90.0,1.4,100000.0
2019,73693.0,81.0,1.0,94000.0
2018,74745.0,66.0,0.9,100000.0
2018,74745.0,66.0,0.9,100000.0
2022,118072.0,118.0,1.5,12400.0
2020,107127.0,85.0,2.0,100000.0
2020,107127.0,85.0,2.0,100000.0
2016,88892.0,100.0,1.5,100000.0
2016,88892.0,100.0,1.5,100000.0
2017,110765.0,81.0,1.2,200000.0
2017,110765.0,81.0,1.2,200000.0
2022,118072.0,118.0,1.5,12400.0
2016,113245.0,110.0,1.5,700000.0
2016,113245.0,110.0,1.5,700000.0
2015,129889.0,125.0,2.2,110000.0
2015,129889.0,125.0,2.2,110000.0
2021,132791.0,110.0,1.5,11400.0
2021,72794.0,100.0,1.6,14820.0
2016,169955.0,87.0,1.2,310000.0
2016,169955.0,87.0,1.2,310000.0
2017,90069.0,60.0,1.2,188000.0
2014,109054.0,103.0,1.4,100000.0
2014,109054.0,103.0,1.4,100000.0
2008,72920.0,81.0,1.5,200000.0
2008,72920.0,81.0,1.5,200000.0
2022,89285.0,91.0,1.0,100000.0
2022,89285.0,91.0,1.0,100000.0
2016,149421.0,77.0,1.6,127000.0
2017,196725.0,165.0,3.0,16790.0
2018,136245.0,81.0,1.0,100000.0
2018,136245.0,81.0,1.0,100000.0
2021,131929.0,85.0,2.0,120000.0
2021,131929.0,85.0,2.0,120000.0
2014,250443.0,100.0,1.6,100000.0
2014,250443.0,100.0,1.6,100000.0
2017,122790.0,110.0,1.4,110000.0
2017,122790.0,110.0,1.4,110000.0
2020,151310.0,110.0,2.0,110000.0
2020,151310.0,110.0,2.0,110000.0
2015,151188.0,77.0,1.4,69000.0
2015,167898.0,160.0,3.0,110000.0
2015,167898.0,160.0,3.0,110000.0
2013,116865.0,122.0,2.0,67000.0
2017,123173.0,125.0,2.2,150000.0
2017,123173.0,125.0,2.2,150000.0
2016,116541.0,81.0,1.2,100000.0
2016,116541.0,81.0,1.2,100000.0
2017,61222.0,110.0,2.0,14250.0
2017,153049.0,110.0,2.0,164000.0
2013,92929.0,63.0,1.2,100000.0
2013,92929.0,63.0,1.2,100000.0
2021,54714.0,96.0,1.2,100000.0
2021,54714.0,96.0,1.2,100000.0
2013,155999.0,63.0,1.2,50000.0
2013,155999.0,63.0,1.2,50000.0
2015,191541.0,133.0,2.0,115000.0
2016,203545.0,66.0,1.4,45000.0
2021,161747.0,110.0,2.0,50000.0
2021,161747.0,110.0,2.0,50000.0
2020,122363.0,85.0,1.6,145000.0
2018,317895.0,110.0,2.0,100000.0
2018,317895.0,110.0,2.0,100000.0
2012,147663.0,96.0,1.6,89000.0
2011,168022.0,77.0,1.6,480000.0
2011,168022.0,77.0,1.6,480000.0
2015,124320.0,206.0,2.0,100000.0
2015,124320.0,206.0,2.0,100000.0
2020,179302.0,85.0,2.0,79000.0
2017,193487.0,110.0,2.0,11400.0
2021,187342.0,147.0,2.0,14250.0
2016,258981.0,88.0,1.6,150000.0
2016,258981.0,88.0,1.6,150000.0
2011,147158.0,81.0,1.7,300000.0
2011,147158.0,81.0,1.7,300000.0
2014,225839.0,125.0,2.0,100000.0
2014,225839.0,125.0,2.0,100000.0
2019,129886.0,70.0,1.0,115000.0
2012,98935.0,63.0,1.2,90000.0
2012,98935.0,63.0,1.2,90000.0
2020,170212.0,140.0,2.0,450000.0
2020,170212.0,140.0,2.0,450000.0
2022,59993.0,147.0,2.0,223000.0
2011,138240.0,77.0,1.2,100000.0
2018,116399.0,55.0,1.0,100000.0
2018,116399.0,55.0,1.0,100000.0
2021,152692.0,70.0,1.0,68000.0
2014,151498.0,90.0,1.4,100000.0
2014,151498.0,90.0,1.4,100000.0
2013,85323.0,63.0,1.2,75000.0
2020,111721.0,110.0,1.5,96000.0
2020,119314.0,85.0,2.0,150000.0
2020,119314.0,85.0,2.0,150000.0
2020,69214.0,95.0,1.4,100000.0
2020,69214.0,95.0,1.4,100000.0
2019,123883.0,70.0,1.0,49000.0
2014,249413.0,66.0,1.4,50000.0
2014,249413.0,66.0,1.4,50000.0
2009,216467.0,66.0,1.6,133000.0
2009,216467.0,66.0,1.6,133000.0
2015,186016.0,206.0,2.0,100000.0
2015,134660.0,100.0,1.6,98000.0
2018,176667.0,132.0,1.8,102000.0
2022,59709.0,81.0,1.0,12540.0
2015,126679.0,77.0,1.2,100000.0
2015,126679.0,77.0,1.2,100000.0
2016,317475.0,66.0,1.4,54000.0
2015,198150.0,63.0,1.2,112000.0
2015,140906.0,140.0,2.0,200000.0
2015,140906.0,140.0,2.0,200000.0
2009,119735.0,110.0,1.4,78000.0
2005,208979.0,47.0,1.2,50000.0
2005,208979.0,47.0,1.2,50000.0
2015,133241.0,77.0,1.2,65000.0
2014,131480.0,92.0,1.4,200000.0
2014,131480.0,92.0,1.4,200000.0
2018,112956.0,81.0,1.2,88000.0
2018,103656.0,80.0,1.5,87000.0
2008,45727.0,96.0,1.2,11970.0
2013,79519.0,63.0,1.2,48000.0
2015,82684.0,81.0,1.2,89000.0
2018,152800.0,110.0,2.0,111000.0
2015,112282.0,85.0,1.2,93000.0
2013,182089.0,130.0,2.0,100000.0
2013,182089.0,130.0,2.0,100000.0
2020,61749.0,92.0,1.0,50000.0
2014,102235.0,135.0,2.0,74000.0
2009,161344.0,103.0,1.8,50000.0
2009,161344.0,103.0,1.8,50000.0
2015,123591.0,77.0,1.2,100000.0
2017,87855.0,81.0,1.0,111000.0
2012,207830.0,130.0,2.0,50000.0
2012,207830.0,130.0,2.0,50000.0
2021,40565.0,96.0,1.5,100000.0
2021,40565.0,96.0,1.5,100000.0
2021,78119.0,96.0,1.2,133000.0
2020,227071.0,85.0,2.0,100000.0
2014,223232.0,77.0,1.6,79000.0
2018,132229.0,80.0,1.5,67000.0
2009,124236.0,70.0,1.4,150000.0
2009,124236.0,70.0,1.4,150000.0
2021,139990.0,85.0,2.0,200000.0
2021,139990.0,85.0,2.0,200000.0
2007,95316.0,51.0,1.2,56000.0
2019,147344.0,96.0,1.5,65000.0
2015,103262.0,85.0,1.6,68000.0
2017,166955.0,85.0,1.6,98000.0
2010,94382.0,100.0,2.0,134000.0
2008,122399.0,55.0,1.2,46000.0
2005,120615.0,72.0,1.4,50000.0
2005,120615.0,72.0,1.4,50000.0
2013,221611.0,77.0,1.6,100000.0
2013,221611.0,77.0,1.6,100000.0
2013,162478.0,77.0,1.2,61000.0
2018,113328.0,110.0,2.0,150000.0
2018,113328.0,110.0,2.0,150000.0
2010,102979.0,66.0,1.6,69000.0
2016,72905.0,49.0,1.0,45000.0
2019,145251.0,81.0,1.0,100000.0
2019,105895.0,135.0,2.0,100000.0
2019,105895.0,135.0,2.0,100000.0
2015,314885.0,81.0,1.6,67000.0
2017,144484.0,110.0,2.0,100000.0
2017,144484.0,110.0,2.0,100000.0
2021,146986.0,110.0,1.5,13250.0
2016,96874.0,100.0,2.0,67000.0
2020,166815.0,140.0,2.0,17100.0
2010,62793.0,44.0,1.2,50000.0
2010,62793.0,44.0,1.2,50000.0
2014,163947.0,97.0,1.6,100000.0
2014,163947.0,97.0,1.6,100000.0
2010,249758.0,120.0,2.0,62000.0
2015,196390.0,110.0,2.0,67000.0
2017,225414.0,110.0,2.0,100000.0
2017,225414.0,110.0,2.0,100000.0
2012,143006.0,103.0,2.0,84000.0
2003,212720.0,47.0,1.2,45000.0
2005,228006.0,120.0,1.8,90000.0
2018,98066.0,110.0,2.0,113000.0
2017,107620.0,85.0,1.0,78000.0
2012,281030.0,81.0,2.0,112000.0
2014,51117.0,81.0,1.6,68000.0
2008,179592.0,44.0,1.2,50000.0
2008,179592.0,44.0,1.2,50000.0
2014,276686.0,103.0,2.0,123000.0
2015,245953.0,96.0,2.0,150000.0
2015,245953.0,96.0,2.0,150000.0
2016,128200.0,81.0,1.2,100000.0
2016,128200.0,81.0,1.2,100000.0
2013,77882.0,66.0,1.6,50000.0
2013,77882.0,66.0,1.6,50000.0
2023,159924.0,140.0,2.0,150000.0
2023,159924.0,140.0,2.0,150000.0
2018,141440.0,110.0,2.0,110000.0
2018,141440.0,110.0,2.0,110000.0
2012,81447.0,44.0,1.0,106000.0
2017,100472.0,97.0,1.2,100000.0
2017,100472.0,97.0,1.2,100000.0
2011,174531.0,103.0,2.0,50000.0
2011,174531.0,103.0,2.0,50000.0
2017,170801.0,110.0,2.0,360000.0
2017,170801.0,110.0,2.0,360000.0
2013,126914.0,63.0,1.2,250000.0
2013,126914.0,63.0,1.2,250000.0
2024,50471.0,81.0,1.0,12680.0
2024,13867.0,70.0,1.5,11400.0
2023,41788.0,74.0,1.0,11400.0
2012,144026.0,52.0,1.0,70000.0
2012,144026.0,52.0,1.0,70000.0
2018,178974.0,110.0,2.0,100000.0
2018,178974.0,110.0,2.0,100000.0
2007,198875.0,51.0,1.2,50000.0
2007,198875.0,51.0,1.2,50000.0
2015,145794.0,66.0,1.5,360000.0
2015,145794.0,66.0,1.5,360000.0
2022,64079.0,78.0,1.5,150000.0
2022,64079.0,78.0,1.5,150000.0
2014,93975.0,77.0,1.2,100000.0
2014,93975.0,77.0,1.2,100000.0
2013,109165.0,63.0,1.2,60000.0
2012,168584.0,120.0,2.0,50000.0
2012,168584.0,120.0,2.0,50000.0
2014,104571.0,66.0,1.2,50000.0
2014,104571.0,66.0,1.2,50000.0
2014,110683.0,120.0,2.0,100000.0
2014,110683.0,120.0,2.0,100000.0
2021,159924.0,70.0,1.0,70000.0
2021,159924.0,70.0,1.0,70000.0
2021,122881.0,70.0,1.0,50000.0
2021,122881.0,70.0,1.0,50000.0
2018,86804.0,70.0,1.0,350000.0
2018,86804.0,70.0,1.0,350000.0
2015,187658.0,133.0,2.0,100000.0
2015,187658.0,133.0,2.0,100000.0
2018,91007.0,110.0,1.5,13250.0
2013,103490.0,63.0,1.2,95000.0
2020,141933.0,147.0,2.0,17070.0
2015,126611.0,55.0,1.5,100000.0
2015,126611.0,55.0,1.5,100000.0
2015,164204.0,110.0,2.0,100000.0
2015,164204.0,110.0,2.0,100000.0
2009,163760.0,108.0,2.0,50000.0
2009,163760.0,108.0,2.0,50000.0
2014,193423.0,133.0,2.0,100000.0
2014,193423.0,133.0,2.0,100000.0
2016,177651.0,162.0,2.0,13540.0
2013,127284.0,155.0,2.0,100000.0
2013,127284.0,155.0,2.0,100000.0
2011,111025.0,73.0,1.6,100000.0
2011,111025.0,73.0,1.6,100000.0
2021,187924.0,110.0,2.0,260000.0
2021,187924.0,110.0,2.0,260000.0
2017,191803.0,176.0,2.0,110000.0
2017,191803.0,176.0,2.0,110000.0
2016,138899.0,140.0,2.0,150000.0
2016,138899.0,140.0,2.0,150000.0
2014,173863.0,90.0,1.4,100000.0
2014,173863.0,90.0,1.4,100000.0
2016,114143.0,118.0,1.5,50000.0
2016,114143.0,118.0,1.5,50000.0
2010,231144.0,81.0,2.0,50000.0
2010,231144.0,81.0,2.0,50000.0
2018,182262.0,110.0,2.0,350000.0
2018,182262.0,110.0,2.0,350000.0
2011,166370.0,110.0,2.0,100000.0
2011,166370.0,110.0,2.0,100000.0
2024,7246.0,81.0,1.0,13370.0
2012,111531.0,110.0,1.8,81000.0
2008,99266.0,60.0,1.2,50000.0
2008,99266.0,60.0,1.2,50000.0
2011,160932.0,66.0,1.5,50000.0
2011,160932.0,66.0,1.5,50000.0
2017,90682.0,66.0,0.9,91000.0
2011,234045.0,103.0,2.0,76000.0
2019,127888.0,150.0,1.6,11690.0
2011,178487.0,92.0,1.6,50000.0
2011,178487.0,92.0,1.6,50000.0
2008,40191.0,61.0,1.2,100000.0
2008,40191.0,61.0,1.2,100000.0
2019,174530.0,85.0,1.6,100000.0
2019,174530.0,85.0,1.6,100000.0
2019,76600.0,96.0,1.5,100000.0
2019,76600.0,96.0,1.5,100000.0
2012,276654.0,170.0,3.0,100000.0
2012,276654.0,170.0,3.0,100000.0
2017,161755.0,81.0,1.0,100000.0
2017,161755.0,81.0,1.0,100000.0
2021,105951.0,110.0,1.5,12970.0
2018,122838.0,140.0,2.0,120000.0
2018,122838.0,140.0,2.0,120000.0
2014,140741.0,110.0,2.0,101000.0
2011,121022.0,82.0,1.6,60000.0
2011,121022.0,82.0,1.6,60000.0
2017,71654.0,92.0,1.2,100000.0
2017,71654.0,92.0,1.2,100000.0
2012,110479.0,66.0,1.4,78000.0
2016,236380.0,66.0,1.4,50000.0
2016,236380.0,66.0,1.4,50000.0
2021,28551.0,96.0,1.2,650000.0
2021,28551.0,96.0,1.2,650000.0
2017,192786.0,104.0,1.7,115000.0
2018,116351.0,176.0,2.0,11690.0
2007,150000.0,103.0,1.4,50000.0
2007,150000.0,103.0,1.4,50000.0
2010,118271.0,93.0,1.6,60000.0
2010,118271.0,93.0,1.6,60000.0
2018,156528.0,140.0,2.0,157000.0
2022,45759.0,120.0,1.5,12830.0
2024,18867.0,67.0,1.0,140000.0
2024,18867.0,67.0,1.0,140000.0
2018,140601.0,140.0,2.0,11970.0
2021,13587.0,81.0,1.0,100000.0
2021,13587.0,81.0,1.0,100000.0
2017,261035.0,110.0,2.0,67000.0
2020,113306.0,110.0,1.5,16100.0
2022,126902.0,147.0,2.0,21520.0
2020,127046.0,110.0,1.5,11400.0
2021,72575.0,81.0,1.0,11690.0
2019,208050.0,140.0,2.0,110000.0
2019,208050.0,140.0,2.0,110000.0
2018,140002.0,110.0,2.0,14250.0
2014,132106.0,96.0,2.0,50000.0
2014,132106.0,96.0,2.0,50000.0
2014,184669.0,77.0,1.6,81000.0
2009,168239.0,66.0,1.6,50000.0
2009,168239.0,66.0,1.6,50000.0
2013,142244.0,88.0,1.6,93000.0
2018,146569.0,133.0,2.0,11400.0
2020,87338.0,110.0,1.5,14250.0
2024,26094.0,82.0,1.0,11400.0
2008,87777.0,88.0,1.6,160000.0
2008,87777.0,88.0,1.6,160000.0
2023,51896.0,110.0,2.0,19810.0
2021,130458.0,85.0,2.0,60000.0
2021,130458.0,85.0,2.0,60000.0
2017,102632.0,81.0,1.5,144000.0
2012,162042.0,103.0,2.0,690000.0
2012,162042.0,103.0,2.0,690000.0
2022,86251.0,110.0,1.3,12830.0
2018,251369.0,110.0,1.5,90000.0
2011,148639.0,103.0,2.0,99000.0
2019,131401.0,85.0,1.6,11970.0
2010,141852.0,63.0,1.2,97000.0
2021,46927.0,116.0,1.3,13680.0
2019,84790.0,120.0,1.5,11400.0
2012,88256.0,66.0,1.2,50000.0
2012,88256.0,66.0,1.2,50000.0
2019,191229.0,110.0,2.0,55000.0
2012,222973.0,77.0,1.6,350000.0
2012,222973.0,77.0,1.6,350000.0
2014,134662.0,81.0,1.4,90000.0
2019,86734.0,125.0,1.4,11400.0
2021,92478.0,81.0,1.0,11400.0
2017,178140.0,140.0,2.0,11400.0
2015,168054.0,190.0,3.0,12680.0
2019,157731.0,110.0,1.5,10070.0
2015,126563.0,96.0,1.5,89000.0
2017,211824.0,88.0,1.6,67000.0
2022,157344.0,85.0,2.0,12110.0
2021,52285.0,116.0,1.3,145000.0
2023,94296.0,81.0,1.0,12260.0
2019,138205.0,85.0,1.6,79000.0
2016,166616.0,100.0,1.6,72000.0
2019,69331.0,110.0,1.5,11660.0
2017,88698.0,110.0,2.0,11830.0
2019,31754.0,103.0,1.4,11400.0
2016,102060.0,140.0,2.0,13970.0
2019,93673.0,96.0,1.5,173000.0
2020,190304.0,110.0,2.0,11970.0
2020,60773.0,110.0,1.5,13110.0
2023,5546.0,59.0,1.0,78000.0
2013,151200.0,63.0,1.2,56000.0
2021,51961.0,110.0,2.0,14250.0
2022,125352.0,110.0,1.6,99000.0
2022,150524.0,110.0,2.0,98000.0
2020,93111.0,85.0,1.0,107000.0
2021,161040.0,150.0,2.0,13970.0
